{
  "type": "FeatureCollection",
  "features": [
    {
      "type": "Feature",
      "id": "roads.1"
    },
    {
      "type": "Feature",
      "id": "roads.1"
    },
    {
      "type": "Feature",
      "id": "roads.1"
    },
    {
      "type": "Feature",
      "id": "roads.1"
    },
    {
      "type": "Feature",
      "id": "roads.1"
    },
    {
      "type": "Feature",
      "id": "roads.1"
    },
    {
      "type": "Feature",
      "id": "roads.1"
    },
    {
      "type": "Feature",
      "id": "roads.1"
    },
    {
      "type": "Feature",
      "id": "roads.1"
    },
    {
      "type": "Feature",
      "id": "roads.1"
    }
  ]
}
